r2_score,mean_absolute_error,mean_squared_error,feature_importances
0.9820520197362338,380394.6545454545,244394264888.96173,"{'distance_meters': 0.003040640504478557, 'elevation_gain': 0.012526041725727605, 'hour_of_day': 0.0035117884571165053, 'atl_start': 0.004352439422161653, 'ctl_start': 0.2024663866921494, 'watt_kg': 0.7351898784602866, 'avg_temperature': 0.0021319865156880324, 'dh_extreme_pct': 0.005150417861506751, 'dh_pct': 0.003216526659592858, 'green_pct': 0.003341580670084961, 'yellow_pct': 0.002652271608873775, 'orange_pct': 0.00806524842595933, 'red_pct': 0.004592776133191915, 'black_pct': 0.009762016863182071}"
