r2_score,mean_absolute_error,mean_squared_error,feature_importances
0.6587389155743617,540.9555591630591,430940.09768301254,"{'distance_meters': 0.5205395425579776, 'elevation_gain': 0.007545945124285623, 'hour_of_day': 0.10742889577409591, 'atl_start': 0.021097547068248925, 'ctl_start': 0.020048997140151143, 'watt_kg': 0.06392321083535529, 'avg_temperature': 0.056265775517854465, 'dh_extreme_pct': 0.018356297424990006, 'dh_pct': 0.08355358716575643, 'green_pct': 0.0016594350958306077, 'yellow_pct': 0.033732094132894255, 'orange_pct': 0.052943331644032664, 'red_pct': 0.0024044030831237772, 'black_pct': 0.010500937435403509}"
