mse,mae,r2
1078913.9254450062,794.2472584344306,0.16126843030509574
