mse,mae,r2,best_params
210968.88888483503,375.1508415077826,0.8359959370640391,"{'svr__C': 100, 'svr__epsilon': 0.1, 'svr__max_iter': 1000}"
