mse,mae,r2,best_params
210968.88888482846,375.15084150777665,0.8359959370640442,"{'svr__C': 100, 'svr__epsilon': 0.1, 'svr__max_iter': 1000}"
