rows,columns,cv,scoring,mse,mae,r2
74,11,4,neg_mean_squared_error,50.10843261620055,5.3317295553480255,0.8597672306686657
